﻿{"cameraMode":{"drawMode":0,"name":"Shaded","section":"Shading Mode"},"sceneLighting":true,"audioPlay":false,"sceneViewState":{"showFog":true,"showMaterialUpdate":false,"showSkybox":true,"showFlares":true,"showImageEffects":true,"showParticleSystems":true},"in2DMode":false,"pivot":{"x":729.632568359375,"y":-103.5672607421875,"z":521.3612670898438},"rotation":{"x":-0.2254638820886612,"y":0.1388600468635559,"z":-0.032485201954841617,"w":-0.9637575745582581},"size":1324.061767578125,"orthographic":false}